1,Province No. 1,taplejung,Na.Pa.,Taplejung(Phungling),3631.8133091,27.6104625,87.8215419,120590,60773
1,Province No. 1,taplejung,Ga.Pa.,Sirijangha,3631.8133091,27.6104625,87.8215419,120590,60773
1,Province No. 1,taplejung,Ga.Pa.,AathraiTriveni,3631.8133091,27.6104625,87.8215419,120590,60773
1,Province No. 1,taplejung,Ga.Pa.,PathibharaYangwarak,3631.8133091,27.6104625,87.8215419,120590,60773
1,Province No. 1,taplejung,Ga.Pa.,Meringden,3631.8133091,27.6104625,87.8215419,120590,60773
1,Province No. 1,taplejung,Ga.Pa.,Sidingwa,3631.8133091,27.6104625,87.8215419,120590,60773
1,Province No. 1,taplejung,Ga.Pa.,Phaktanglung,3631.8133091,27.6104625,87.8215419,120590,60773
1,Province No. 1,taplejung,Ga.Pa.,MaiwaKhola,3631.8133091,27.6104625,87.8215419,120590,60773
1,Province No. 1,taplejung,Ga.Pa.,MikwaKhola,3631.8133091,27.6104625,87.8215419,120590,60773
1,Province No. 1,panchthar,Ga.Pa.,Miklajung,1247.72251232,27.14887122,87.85507165,172400,85683
1,Province No. 1,panchthar,Ga.Pa.,Phalgunanda,1247.72251232,27.14887122,87.85507165,172400,85683
1,Province No. 1,panchthar,Ga.Pa.,Hilihang,1247.72251232,27.14887122,87.85507165,172400,85683
1,Province No. 1,panchthar,Ga.Pa.,Phalelung,1247.72251232,27.14887122,87.85507165,172400,85683
1,Province No. 1,panchthar,Ga.Pa.,Yangwarak,1247.72251232,27.14887122,87.85507165,172400,85683
1,Province No. 1,panchthar,Ga.Pa.,Kummayak,1247.72251232,27.14887122,87.85507165,172400,85683
1,Province No. 1,ilam,Na.Pa.,Suryodaya,1685.28288314,26.88539591,87.92023976,279534,139431
1,Province No. 1,ilam,Na.Pa.,Ilam,1685.28288314,26.88539591,87.92023976,279534,139431
1,Province No. 1,ilam,Na.Pa.,Deumai,1685.28288314,26.88539591,87.92023976,279534,139431
1,Province No. 1,ilam,Na.Pa.,Mai,1685.28288314,26.88539591,87.92023976,279534,139431
1,Province No. 1,ilam,Ga.Pa.,Phakphokthum,1685.28288314,26.88539591,87.92023976,279534,139431
1,Province No. 1,ilam,Ga.Pa.,MaiJogmai,1685.28288314,26.88539591,87.92023976,279534,139431
1,Province No. 1,ilam,Ga.Pa.,Chulachuli,1685.28288314,26.88539591,87.92023976,279534,139431
1,Province No. 1,ilam,Ga.Pa.,Rong,1685.28288314,26.88539591,87.92023976,279534,139431
1,Province No. 1,ilam,Ga.Pa.,Mangsebung,1685.28288314,26.88539591,87.92023976,279534,139431
1,Province No. 1,ilam,Ga.Pa.,Sandakpur,1685.28288314,26.88539591,87.92023976,279534,139431
1,Province No. 1,jhapa,Na.Pa.,Mechinagar,1603.81095109,26.58356833,87.88550096,998054,478509
1,Province No. 1,jhapa,Na.Pa.,Birtamod,1603.81095109,26.58356833,87.88550096,998054,478509
1,Province No. 1,jhapa,Na.Pa.,Damak,1603.81095109,26.58356833,87.88550096,998054,478509
1,Province No. 1,jhapa,Na.Pa.,Bhadrapur,1603.81095109,26.58356833,87.88550096,998054,478509
1,Province No. 1,jhapa,Na.Pa.,Shivasatakshi,1603.81095109,26.58356833,87.88550096,998054,478509
1,Province No. 1,jhapa,Na.Pa.,Arjundhara,1603.81095109,26.58356833,87.88550096,998054,478509
1,Province No. 1,jhapa,Na.Pa.,Gauradaha,1603.81095109,26.58356833,87.88550096,998054,478509
1,Province No. 1,jhapa,Na.Pa.,Kankai,1603.81095109,26.58356833,87.88550096,998054,478509
1,Province No. 1,jhapa,Ga.Pa.,Kamal,1603.81095109,26.58356833,87.88550096,998054,478509
1,Province No. 1,jhapa,Ga.Pa.,BuddhaShanti,1603.81095109,26.58356833,87.88550096,998054,478509
1,Province No. 1,jhapa,Ga.Pa.,Kachankawal,1603.81095109,26.58356833,87.88550096,998054,478509
1,Province No. 1,jhapa,Ga.Pa.,Jhapa,1603.81095109,26.58356833,87.88550096,998054,478509
1,Province No. 1,jhapa,Ga.Pa.,Barhadashi,1603.81095109,26.58356833,87.88550096,998054,478509
1,Province No. 1,jhapa,Ga.Pa.,Gaurigunj,1603.81095109,26.58356833,87.88550096,998054,478509
1,Province No. 1,jhapa,Ga.Pa.,Haldibari,1603.81095109,26.58356833,87.88550096,998054,478509
1,Province No. 1,morang,Ma.Na.Pa.,Biratnagar,1822.3403614,26.61061444,87.47311589,1148156,557512
1,Province No. 1,morang,Na.Pa.,SundarHaraincha,1822.3403614,26.61061444,87.47311589,1148156,557512
1,Province No. 1,morang,Na.Pa.,Belbari,1822.3403614,26.61061444,87.47311589,1148156,557512
1,Province No. 1,morang,Na.Pa.,Pathari-Shanischare,1822.3403614,26.61061444,87.47311589,1148156,557512
1,Province No. 1,morang,Na.Pa.,Ratuwamai,1822.3403614,26.61061444,87.47311589,1148156,557512
1,Province No. 1,morang,Na.Pa.,Urlabari,1822.3403614,26.61061444,87.47311589,1148156,557512
1,Province No. 1,morang,Na.Pa.,Rangeli,1822.3403614,26.61061444,87.47311589,1148156,557512
1,Province No. 1,morang,Na.Pa.,Sunawarshi,1822.3403614,26.61061444,87.47311589,1148156,557512
1,Province No. 1,morang,Na.Pa.,LetangBhogateni,1822.3403614,26.61061444,87.47311589,1148156,557512
1,Province No. 1,morang,Ga.Pa.,Jahada,1822.3403614,26.61061444,87.47311589,1148156,557512
1,Province No. 1,morang,Ga.Pa.,BudiGanga,1822.3403614,26.61061444,87.47311589,1148156,557512
1,Province No. 1,morang,Ga.Pa.,Katahari,1822.3403614,26.61061444,87.47311589,1148156,557512
1,Province No. 1,morang,Ga.Pa.,Dhanpalthan,1822.3403614,26.61061444,87.47311589,1148156,557512
1,Province No. 1,morang,Ga.Pa.,Kanepokhari,1822.3403614,26.61061444,87.47311589,1148156,557512
1,Province No. 1,morang,Ga.Pa.,Gramthan,1822.3403614,26.61061444,87.47311589,1148156,557512
1,Province No. 1,morang,Ga.Pa.,Kerabari,1822.3403614,26.61061444,87.47311589,1148156,557512
1,Province No. 1,morang,Ga.Pa.,Miklajung,1822.3403614,26.61061444,87.47311589,1148156,557512
1,Province No. 1,sunsari,Upa.Ma.,Itahari,1191.88652736,26.64088623,87.14087554,926962,449023
1,Province No. 1,sunsari,Upa.Ma.,Dharan,1191.88652736,26.64088623,87.14087554,926962,449023
1,Province No. 1,sunsari,Na.Pa.,Barahachhetra,1191.88652736,26.64088623,87.14087554,926962,449023
1,Province No. 1,sunsari,Na.Pa.,Inaruwa,1191.88652736,26.64088623,87.14087554,926962,449023
1,Province No. 1,sunsari,Na.Pa.,Duhabi,1191.88652736,26.64088623,87.14087554,926962,449023
1,Province No. 1,sunsari,Na.Pa.,Ramdhuni,1191.88652736,26.64088623,87.14087554,926962,449023
1,Province No. 1,sunsari,Ga.Pa.,Koshi,1191.88652736,26.64088623,87.14087554,926962,449023
1,Province No. 1,sunsari,Ga.Pa.,Harinagara,1191.88652736,26.64088623,87.14087554,926962,449023
1,Province No. 1,sunsari,Ga.Pa.,Bhokraha,1191.88652736,26.64088623,87.14087554,926962,449023
1,Province No. 1,sunsari,Ga.Pa.,Dewanganj,1191.88652736,26.64088623,87.14087554,926962,449023
1,Province No. 1,sunsari,Ga.Pa.,Gadhi,1191.88652736,26.64088623,87.14087554,926962,449023
1,Province No. 1,sunsari,Ga.Pa.,Barju,1191.88652736,26.64088623,87.14087554,926962,449023
1,Province No. 1,dhankuta,Na.Pa.,Dhankuta,898.71012994,27.01803587,87.31306666,150599,73824
1,Province No. 1,dhankuta,Na.Pa.,Mahalaxmi,898.71012994,27.01803587,87.31306666,150599,73824
1,Province No. 1,dhankuta,Na.Pa.,Pakhribas,898.71012994,27.01803587,87.31306666,150599,73824
1,Province No. 1,dhankuta,Ga.Pa.,Sangurigadhi,898.71012994,27.01803587,87.31306666,150599,73824
1,Province No. 1,dhankuta,Ga.Pa.,Chaubise,898.71012994,27.01803587,87.31306666,150599,73824
1,Province No. 1,dhankuta,Ga.Pa.,Sahidbhumi,898.71012994,27.01803587,87.31306666,150599,73824
1,Province No. 1,dhankuta,Ga.Pa.,ChhatharJorpati,898.71012994,27.01803587,87.31306666,150599,73824
1,Province No. 1,terhathum,Ga.Pa.,Aathrai,670.49210401,27.13246943,87.5242843,88731,43581
1,Province No. 1,terhathum,Ga.Pa.,Phedap,670.49210401,27.13246943,87.5242843,88731,43581
1,Province No. 1,terhathum,Ga.Pa.,Chhathar,670.49210401,27.13246943,87.5242843,88731,43581
1,Province No. 1,terhathum,Ga.Pa.,Menchayayem,670.49210401,27.13246943,87.5242843,88731,43581
1,Province No. 1,sankhuwasabha,Na.Pa.,Khandbari,3469.61388214,27.54767574,87.22650149,158041,79579
1,Province No. 1,sankhuwasabha,Na.Pa.,Chainpur,3469.61388214,27.54767574,87.22650149,158041,79579
1,Province No. 1,sankhuwasabha,Na.Pa.,Dharmadevi,3469.61388214,27.54767574,87.22650149,158041,79579
1,Province No. 1,sankhuwasabha,Na.Pa.,Panchkhapan,3469.61388214,27.54767574,87.22650149,158041,79579
1,Province No. 1,sankhuwasabha,Na.Pa.,Madi,3469.61388214,27.54767574,87.22650149,158041,79579
1,Province No. 1,sankhuwasabha,Ga.Pa.,Makalu,3469.61388214,27.54767574,87.22650149,158041,79579
1,Province No. 1,sankhuwasabha,Ga.Pa.,Silichong,3469.61388214,27.54767574,87.22650149,158041,79579
1,Province No. 1,sankhuwasabha,Ga.Pa.,Sabhapokhari,3469.61388214,27.54767574,87.22650149,158041,79579
1,Province No. 1,sankhuwasabha,Ga.Pa.,Chichila,3469.61388214,27.54767574,87.22650149,158041,79579
1,Province No. 1,sankhuwasabha,Ga.Pa.,BhotKhola,3469.61388214,27.54767574,87.22650149,158041,79579
1,Province No. 1,bhojpur,Na.Pa.,Shadanand,1523.58864372,27.17506647,87.09378897,157923,78211
1,Province No. 1,bhojpur,Na.Pa.,Bhojpur,1523.58864372,27.17506647,87.09378897,157923,78211
1,Province No. 1,bhojpur,Ga.Pa.,Hatuwagadhi,1523.58864372,27.17506647,87.09378897,157923,78211
1,Province No. 1,bhojpur,Ga.Pa.,RamprasadRai,1523.58864372,27.17506647,87.09378897,157923,78211
1,Province No. 1,bhojpur,Ga.Pa.,Aamchok,1523.58864372,27.17506647,87.09378897,157923,78211
1,Province No. 1,bhojpur,Ga.Pa.,TyamkeMaiyum,1523.58864372,27.17506647,87.09378897,157923,78211
1,Province No. 1,bhojpur,Ga.Pa.,Arun,1523.58864372,27.17506647,87.09378897,157923,78211
1,Province No. 1,bhojpur,Ga.Pa.,Pauwadungma,1523.58864372,27.17506647,87.09378897,157923,78211
1,Province No. 1,bhojpur,Ga.Pa.,Salpasilichho,1523.58864372,27.17506647,87.09378897,157923,78211
1,Province No. 1,solukhumbu,Na.Pa.,SoluDudhkunda,3354.14215115,27.72563175,86.7815385,104851,52747
1,Province No. 1,solukhumbu,Ga.Pa.,Dudhakaushika,3354.14215115,27.72563175,86.7815385,104851,52747
1,Province No. 1,solukhumbu,Ga.Pa.,NechaSalyan,3354.14215115,27.72563175,86.7815385,104851,52747
1,Province No. 1,solukhumbu,Ga.Pa.,Dudhkoshi,3354.14215115,27.72563175,86.7815385,104851,52747
1,Province No. 1,solukhumbu,Ga.Pa.,MahaKulung,3354.14215115,27.72563175,86.7815385,104851,52747
1,Province No. 1,solukhumbu,Ga.Pa.,Sotang,3354.14215115,27.72563175,86.7815385,104851,52747
1,Province No. 1,solukhumbu,Ga.Pa.,KhumbuPasangLhamu,3354.14215115,27.72563175,86.7815385,104851,52747
1,Province No. 1,solukhumbu,Ga.Pa.,LikhuPike,3354.14215115,27.72563175,86.7815385,104851,52747
1,Province No. 1,okhaldhunga,Na.Pa.,Siddhicharan,1076.07920143,27.33644653,86.44832651,139552,68080
1,Province No. 1,okhaldhunga,Ga.Pa.,Manebhanjyang,1076.07920143,27.33644653,86.44832651,139552,68080
1,Province No. 1,okhaldhunga,Ga.Pa.,Champadevi,1076.07920143,27.33644653,86.44832651,139552,68080
1,Province No. 1,okhaldhunga,Ga.Pa.,Sunkoshi,1076.07920143,27.33644653,86.44832651,139552,68080
1,Province No. 1,okhaldhunga,Ga.Pa.,Molung,1076.07920143,27.33644653,86.44832651,139552,68080
1,Province No. 1,okhaldhunga,Ga.Pa.,Chisankhugadhi,1076.07920143,27.33644653,86.44832651,139552,68080
1,Province No. 1,okhaldhunga,Ga.Pa.,KhijiDemba,1076.07920143,27.33644653,86.44832651,139552,68080
1,Province No. 1,okhaldhunga,Ga.Pa.,Likhu,1076.07920143,27.33644653,86.44832651,139552,68080
1,Province No. 1,khotang,Na.Pa.,RupakotMajhuwagadhi,1589.19505702,27.15626693,86.68065001,175298,86637
1,Province No. 1,khotang,Na.Pa.,HalesiTuwachung,1589.19505702,27.15626693,86.68065001,175298,86637
1,Province No. 1,khotang,Ga.Pa.,Khotehang,1589.19505702,27.15626693,86.68065001,175298,86637
1,Province No. 1,khotang,Ga.Pa.,Diprung,1589.19505702,27.15626693,86.68065001,175298,86637
1,Province No. 1,khotang,Ga.Pa.,Aiselukharka,1589.19505702,27.15626693,86.68065001,175298,86637
1,Province No. 1,khotang,Ga.Pa.,Jantedhunga,1589.19505702,27.15626693,86.68065001,175298,86637
1,Province No. 1,khotang,Ga.Pa.,Kepilasgadhi,1589.19505702,27.15626693,86.68065001,175298,86637
1,Province No. 1,khotang,Ga.Pa.,Barahpokhari,1589.19505702,27.15626693,86.68065001,175298,86637
1,Province No. 1,khotang,Ga.Pa.,Rawabesi,1589.19505702,27.15626693,86.68065001,175298,86637
1,Province No. 1,khotang,Ga.Pa.,Sakela,1589.19505702,27.15626693,86.68065001,175298,86637
1,Province No. 1,udayapur,Na.Pa.,Triyuga,2296.77064563,26.93300029,86.51982047,340721,163738
1,Province No. 1,udayapur,Na.Pa.,Katari,2296.77064563,26.93300029,86.51982047,340721,163738
1,Province No. 1,udayapur,Na.Pa.,Chaudandigadhi,2296.77064563,26.93300029,86.51982047,340721,163738
1,Province No. 1,udayapur,Na.Pa.,Belaka,2296.77064563,26.93300029,86.51982047,340721,163738
1,Province No. 1,udayapur,Ga.Pa.,Udayapurgadhi,2296.77064563,26.93300029,86.51982047,340721,163738
1,Province No. 1,udayapur,Ga.Pa.,Rautamai,2296.77064563,26.93300029,86.51982047,340721,163738
1,Province No. 1,udayapur,Ga.Pa.,Tapli,2296.77064563,26.93300029,86.51982047,340721,163738
1,Province No. 1,udayapur,Ga.Pa.,Limchungbung,2296.77064563,26.93300029,86.51982047,340721,163738
2,Madhesh,saptari,Na.Pa.,Rajbiraj,1281.32414121,26.60673829,86.74929829,706255,351368
2,Madhesh,saptari,Na.Pa.,HanumannagarKankalini,1281.32414121,26.60673829,86.74929829,706255,351368
2,Madhesh,saptari,Na.Pa.,Khadak,1281.32414121,26.60673829,86.74929829,706255,351368
2,Madhesh,saptari,Na.Pa.,Dakneshwari,1281.32414121,26.60673829,86.74929829,706255,351368
2,Madhesh,saptari,Na.Pa.,Surunga,1281.32414121,26.60673829,86.74929829,706255,351368
2,Madhesh,saptari,Na.Pa.,Bodebarsain,1281.32414121,26.60673829,86.74929829,706255,351368
2,Madhesh,saptari,Na.Pa.,Shambhunath,1281.32414121,26.60673829,86.74929829,706255,351368
2,Madhesh,saptari,Na.Pa.,Kanchanrup,1281.32414121,26.60673829,86.74929829,706255,351368
2,Madhesh,saptari,Na.Pa.,Saptakoshi,1281.32414121,26.60673829,86.74929829,706255,351368
2,Madhesh,saptari,Ga.Pa.,TilathiKoiladi,1281.32414121,26.60673829,86.74929829,706255,351368
2,Madhesh,saptari,Ga.Pa.,Rajgadh,1281.32414121,26.60673829,86.74929829,706255,351368
2,Madhesh,saptari,Ga.Pa.,Chhinnamasta,1281.32414121,26.60673829,86.74929829,706255,351368
2,Madhesh,saptari,Ga.Pa.,Mahadeva,1281.32414121,26.60673829,86.74929829,706255,351368
2,Madhesh,saptari,Ga.Pa.,AgnisairaKrishnasavaran,1281.32414121,26.60673829,86.74929829,706255,351368
2,Madhesh,saptari,Ga.Pa.,Rupani,1281.32414121,26.60673829,86.74929829,706255,351368
2,Madhesh,saptari,Ga.Pa.,Balan-Bihul,1281.32414121,26.60673829,86.74929829,706255,351368
2,Madhesh,saptari,Ga.Pa.,Bishnupur,1281.32414121,26.60673829,86.74929829,706255,351368
2,Madhesh,saptari,Ga.Pa.,Tirhut,1281.32414121,26.60673829,86.74929829,706255,351368
2,Madhesh,siraha,Na.Pa.,Lahan,1139.28374465,26.74245818,86.34972204,739953,363724
2,Madhesh,siraha,Na.Pa.,Siraha,1139.28374465,26.74245818,86.34972204,739953,363724
2,Madhesh,siraha,Na.Pa.,Golbazar,1139.28374465,26.74245818,86.34972204,739953,363724
2,Madhesh,siraha,Na.Pa.,Mirchaiya,1139.28374465,26.74245818,86.34972204,739953,363724
2,Madhesh,siraha,Na.Pa.,Kalyanpur,1139.28374465,26.74245818,86.34972204,739953,363724
2,Madhesh,siraha,Na.Pa.,Dhangadimai,1139.28374465,26.74245818,86.34972204,739953,363724
2,Madhesh,siraha,Na.Pa.,Sukhipur,1139.28374465,26.74245818,86.34972204,739953,363724
2,Madhesh,siraha,Na.Pa.,Karjanha,1139.28374465,26.74245818,86.34972204,739953,363724
2,Madhesh,siraha,Ga.Pa.,LaksmipurPatari,1139.28374465,26.74245818,86.34972204,739953,363724
2,Madhesh,siraha,Ga.Pa.,Bariyarpatti,1139.28374465,26.74245818,86.34972204,739953,363724
2,Madhesh,siraha,Ga.Pa.,Aurahi,1139.28374465,26.74245818,86.34972204,739953,363724
2,Madhesh,siraha,Ga.Pa.,Arnama,1139.28374465,26.74245818,86.34972204,739953,363724
2,Madhesh,siraha,Ga.Pa.,Bhagwanpur,1139.28374465,26.74245818,86.34972204,739953,363724
2,Madhesh,siraha,Ga.Pa.,Naraha,1139.28374465,26.74245818,86.34972204,739953,363724
2,Madhesh,siraha,Ga.Pa.,Navarajpur,1139.28374465,26.74245818,86.34972204,739953,363724
2,Madhesh,siraha,Ga.Pa.,Sakhuwanankarkatti,1139.28374465,26.74245818,86.34972204,739953,363724
2,Madhesh,siraha,Ga.Pa.,Bishnupur,1139.28374465,26.74245818,86.34972204,739953,363724
2,Madhesh,dhanusa,Na.Pa.,MithilaBihari,1188.70295575,26.85108325,86.03579976,,
2,Madhesh,mahottari,Na.Pa.,Gaushala,1000.7595921,26.88485916,85.79738704,706994,349159
2,Madhesh,mahottari,Na.Pa.,Bardibas,1000.7595921,26.88485916,85.79738704,706994,349159
2,Madhesh,mahottari,Na.Pa.,Jaleshwar,1000.7595921,26.88485916,85.79738704,706994,349159
2,Madhesh,mahottari,Na.Pa.,ManaraShiswa,1000.7595921,26.88485916,85.79738704,706994,349159
2,Madhesh,mahottari,Na.Pa.,Bhangaha,1000.7595921,26.88485916,85.79738704,706994,349159
2,Madhesh,mahottari,Na.Pa.,Balawa,1000.7595921,26.88485916,85.79738704,706994,349159
2,Madhesh,mahottari,Na.Pa.,Loharpatti,1000.7595921,26.88485916,85.79738704,706994,349159
2,Madhesh,mahottari,Na.Pa.,Aurahi,1000.7595921,26.88485916,85.79738704,706994,349159
2,Madhesh,mahottari,Na.Pa.,Matihani,1000.7595921,26.88485916,85.79738704,706994,349159
2,Madhesh,mahottari,Na.Pa.,Ramgopalpur,1000.7595921,26.88485916,85.79738704,706994,349159
2,Madhesh,mahottari,Ga.Pa.,Sonama,1000.7595921,26.88485916,85.79738704,706994,349159
2,Madhesh,mahottari,Ga.Pa.,Pipra,1000.7595921,26.88485916,85.79738704,706994,349159
2,Madhesh,mahottari,Ga.Pa.,Samsi,1000.7595921,26.88485916,85.79738704,706994,349159
2,Madhesh,mahottari,Ga.Pa.,Ekdara,1000.7595921,26.88485916,85.79738704,706994,349159
2,Madhesh,mahottari,Ga.Pa.,Mahottari,1000.7595921,26.88485916,85.79738704,706994,349159
2,Madhesh,sarlahi,Na.Pa.,Barahathwa,1263.4338645,26.96826656,85.56373316,862470,435131
2,Madhesh,sarlahi,Na.Pa.,Ishwarpur,1263.4338645,26.96826656,85.56373316,862470,435131
2,Madhesh,sarlahi,Na.Pa.,Lalbandi,1263.4338645,26.96826656,85.56373316,862470,435131
2,Madhesh,sarlahi,Na.Pa.,Godaita,1263.4338645,26.96826656,85.56373316,862470,435131
2,Madhesh,sarlahi,Na.Pa.,Malangwa,1263.4338645,26.96826656,85.56373316,862470,435131
2,Madhesh,sarlahi,Na.Pa.,Balara,1263.4338645,26.96826656,85.56373316,862470,435131
2,Madhesh,sarlahi,Na.Pa.,Hariwan,1263.4338645,26.96826656,85.56373316,862470,435131
2,Madhesh,sarlahi,Na.Pa.,Kabilasi,1263.4338645,26.96826656,85.56373316,862470,435131
2,Madhesh,sarlahi,Na.Pa.,Bagmati,1263.4338645,26.96826656,85.56373316,862470,435131
2,Madhesh,sarlahi,Na.Pa.,Haripur,1263.4338645,26.96826656,85.56373316,862470,435131
2,Madhesh,sarlahi,Na.Pa.,Haripurwa,1263.4338645,26.96826656,85.56373316,862470,435131
2,Madhesh,sarlahi,Ga.Pa.,Chandranagar,1263.4338645,26.96826656,85.56373316,862470,435131
2,Madhesh,sarlahi,Ga.Pa.,Brahampuri,1263.4338645,26.96826656,85.56373316,862470,435131
2,Madhesh,sarlahi,Ga.Pa.,Ramnagar,1263.4338645,26.96826656,85.56373316,862470,435131
2,Madhesh,sarlahi,Ga.Pa.,Chakraghatta,1263.4338645,26.96826656,85.56373316,862470,435131
2,Madhesh,sarlahi,Ga.Pa.,Kaudena,1263.4338645,26.96826656,85.56373316,862470,435131
2,Madhesh,sarlahi,Ga.Pa.,Dhankaul,1263.4338645,26.96826656,85.56373316,862470,435131
2,Madhesh,sarlahi,Ga.Pa.,Bishnu,1263.4338645,26.96826656,85.56373316,862470,435131
2,Madhesh,sarlahi,Ga.Pa.,Basbariya,1263.4338645,26.96826656,85.56373316,862470,435131
2,Madhesh,sarlahi,Ga.Pa.,Parsa,1263.4338645,26.96826656,85.56373316,862470,435131
2,Madhesh,bara,Upa.Ma.,Kalaiya,1272.52708555,27.10738514,85.06923246,763137,389787
2,Madhesh,bara,Upa.Ma.,Jitpursimara,1272.52708555,27.10738514,85.06923246,763137,389787
2,Madhesh,bara,Na.Pa.,Mahagadhimai,1272.52708555,27.10738514,85.06923246,763137,389787
2,Madhesh,bara,Na.Pa.,Simraungadh,1272.52708555,27.10738514,85.06923246,763137,389787
2,Madhesh,bara,Na.Pa.,Kolhabi,1272.52708555,27.10738514,85.06923246,763137,389787
2,Madhesh,bara,Na.Pa.,Nijgadh,1272.52708555,27.10738514,85.06923246,763137,389787
2,Madhesh,bara,Na.Pa.,Pacharauta,1272.52708555,27.10738514,85.06923246,763137,389787
2,Madhesh,bara,Ga.Pa.,Suwarna,1272.52708555,27.10738514,85.06923246,763137,389787
2,Madhesh,bara,Ga.Pa.,AdarshaKotwal,1272.52708555,27.10738514,85.06923246,763137,389787
2,Madhesh,bara,Ga.Pa.,Baragadhi,1272.52708555,27.10738514,85.06923246,763137,389787
2,Madhesh,bara,Ga.Pa.,Pheta,1272.52708555,27.10738514,85.06923246,763137,389787
2,Madhesh,bara,Ga.Pa.,Karaiyamai,1272.52708555,27.10738514,85.06923246,763137,389787
2,Madhesh,bara,Ga.Pa.,Prasauni,1272.52708555,27.10738514,85.06923246,763137,389787
2,Madhesh,bara,Ga.Pa.,Bishrampur,1272.52708555,27.10738514,85.06923246,763137,389787
2,Madhesh,bara,Ga.Pa.,Devtal,1272.52708555,27.10738514,85.06923246,763137,389787
2,Madhesh,bara,Ga.Pa.,Parwanipur,1272.52708555,27.10738514,85.06923246,763137,389787
2,Madhesh,parsa,Ma.Na.Pa.,Birgunj,1406.56421558,27.22337695,84.82694198,654471,338286
2,Madhesh,parsa,Na.Pa.,Bahudarmai,1406.56421558,27.22337695,84.82694198,654471,338286
2,Madhesh,parsa,Na.Pa.,Parsagadhi,1406.56421558,27.22337695,84.82694198,654471,338286
2,Madhesh,parsa,Na.Pa.,Pokhariya,1406.56421558,27.22337695,84.82694198,654471,338286
2,Madhesh,parsa,Ga.Pa.,SakhuwaPrasauni,1406.56421558,27.22337695,84.82694198,654471,338286
2,Madhesh,parsa,Ga.Pa.,Jagarnathpur,1406.56421558,27.22337695,84.82694198,654471,338286
2,Madhesh,parsa,Ga.Pa.,Chhipahrmai,1406.56421558,27.22337695,84.82694198,654471,338286
2,Madhesh,parsa,Ga.Pa.,Bindabasini,1406.56421558,27.22337695,84.82694198,654471,338286
2,Madhesh,parsa,Ga.Pa.,PaterwaSugauli,1406.56421558,27.22337695,84.82694198,654471,338286
2,Madhesh,parsa,Ga.Pa.,Jirabhawani,1406.56421558,27.22337695,84.82694198,654471,338286
2,Madhesh,parsa,Ga.Pa.,Kalikamai,1406.56421558,27.22337695,84.82694198,654471,338286
2,Madhesh,parsa,Ga.Pa.,PakahaMainpur,1406.56421558,27.22337695,84.82694198,654471,338286
2,Madhesh,parsa,Ga.Pa.,Thori,1406.56421558,27.22337695,84.82694198,654471,338286
2,Madhesh,parsa,Ga.Pa.,Dhobini,1406.56421558,27.22337695,84.82694198,654471,338286
2,Madhesh,rautahat,Na.Pa.,Chandrapur,1038.2189733,26.98872387,85.28300834,813573,408403
2,Madhesh,rautahat,Na.Pa.,Garuda,1038.2189733,26.98872387,85.28300834,813573,408403
2,Madhesh,rautahat,Na.Pa.,Gujara,1038.2189733,26.98872387,85.28300834,813573,408403
2,Madhesh,rautahat,Na.Pa.,Brindaban,1038.2189733,26.98872387,85.28300834,813573,408403
2,Madhesh,rautahat,Na.Pa.,Ishnath,1038.2189733,26.98872387,85.28300834,813573,408403
2,Madhesh,rautahat,Na.Pa.,Rajpur,1038.2189733,26.98872387,85.28300834,813573,408403
2,Madhesh,rautahat,Na.Pa.,Gadhimai,1038.2189733,26.98872387,85.28300834,813573,408403
2,Madhesh,rautahat,Na.Pa.,Katahariya,1038.2189733,26.98872387,85.28300834,813573,408403
2,Madhesh,rautahat,Na.Pa.,Paroha,1038.2189733,26.98872387,85.28300834,813573,408403
2,Madhesh,rautahat,Na.Pa.,PhatuwaBijayapur,1038.2189733,26.98872387,85.28300834,813573,408403
2,Madhesh,rautahat,Na.Pa.,Baudhimai,1038.2189733,26.98872387,85.28300834,813573,408403
2,Madhesh,rautahat,Na.Pa.,MadhavNarayan,1038.2189733,26.98872387,85.28300834,813573,408403
2,Madhesh,rautahat,Na.Pa.,Gaur,1038.2189733,26.98872387,85.28300834,813573,408403
2,Madhesh,rautahat,Na.Pa.,DewahiGonahi,1038.2189733,26.98872387,85.28300834,813573,408403
2,Madhesh,rautahat,Na.Pa.,Rajdevi,1038.2189733,26.98872387,85.28300834,813573,408403
2,Madhesh,rautahat,Na.Pa.,Maulapur,1038.2189733,26.98872387,85.28300834,813573,408403
2,Madhesh,rautahat,Ga.Pa.,DurgaBhagawati,1038.2189733,26.98872387,85.28300834,813573,408403
2,Madhesh,rautahat,Ga.Pa.,Yamunamai,1038.2189733,26.98872387,85.28300834,813573,408403
3,Bagmati,sindhuli,Na.Pa.,Dudhauli,2484.23619665,27.18505301,86.07014782,300026,147065
3,Bagmati,sindhuli,Na.Pa.,Kamalamai,2484.23619665,27.18505301,86.07014782,300026,147065
3,Bagmati,sindhuli,Ga.Pa.,Tinpatan,2484.23619665,27.18505301,86.07014782,300026,147065
3,Bagmati,sindhuli,Ga.Pa.,Marin,2484.23619665,27.18505301,86.07014782,300026,147065
3,Bagmati,sindhuli,Ga.Pa.,Hariharpurgadhi,2484.23619665,27.18505301,86.07014782,300026,147065
3,Bagmati,sindhuli,Ga.Pa.,Sunkoshi,2484.23619665,27.18505301,86.07014782,300026,147065
3,Bagmati,sindhuli,Ga.Pa.,Golanjor,2484.23619665,27.18505301,86.07014782,300026,147065
3,Bagmati,sindhuli,Ga.Pa.,Phikkal,2484.23619665,27.18505301,86.07014782,300026,147065
3,Bagmati,sindhuli,Ga.Pa.,Ghyanglekh,2484.23619665,27.18505301,86.07014782,300026,147065
3,Bagmati,ramechhap,Na.Pa.,Manthali,1564.05299002,27.53740976,86.25692124,170302,80824
3,Bagmati,ramechhap,Na.Pa.,Ramechhap,1564.05299002,27.53740976,86.25692124,170302,80824
3,Bagmati,ramechhap,Ga.Pa.,Khandadevi,1564.05299002,27.53740976,86.25692124,170302,80824
3,Bagmati,ramechhap,Ga.Pa.,LikhuTamakoshi,1564.05299002,27.53740976,86.25692124,170302,80824
3,Bagmati,ramechhap,Ga.Pa.,Doramba,1564.05299002,27.53740976,86.25692124,170302,80824
3,Bagmati,ramechhap,Ga.Pa.,Gokulganga,1564.05299002,27.53740976,86.25692124,170302,80824
3,Bagmati,ramechhap,Ga.Pa.,Sunapati,1564.05299002,27.53740976,86.25692124,170302,80824
3,Bagmati,ramechhap,Ga.Pa.,Umakunda,1564.05299002,27.53740976,86.25692124,170302,80824
3,Bagmati,dolakha,Na.Pa.,Bhimeshwar,2146.65536353,27.82405229,86.2215437,172767,83720
3,Bagmati,dolakha,Na.Pa.,Jiri,2146.65536353,27.82405229,86.2215437,172767,83720
3,Bagmati,dolakha,Ga.Pa.,Kalinchok,2146.65536353,27.82405229,86.2215437,172767,83720
3,Bagmati,dolakha,Ga.Pa.,Melung,2146.65536353,27.82405229,86.2215437,172767,83720
3,Bagmati,dolakha,Ga.Pa.,Shailung,2146.65536353,27.82405229,86.2215437,172767,83720
3,Bagmati,dolakha,Ga.Pa.,Baiteshwar,2146.65536353,27.82405229,86.2215437,172767,83720
3,Bagmati,dolakha,Ga.Pa.,Tamakoshi,2146.65536353,27.82405229,86.2215437,172767,83720
3,Bagmati,dolakha,Ga.Pa.,Bigu,2146.65536353,27.82405229,86.2215437,172767,83720
3,Bagmati,dolakha,Ga.Pa.,Gaurishankar,2146.65536353,27.82405229,86.2215437,172767,83720
3,Bagmati,sindhupalchok,Na.Pa.,ChautaraSangachokgadhi,2490.83730973,27.90696,85.7556089,262624,129205
3,Bagmati,sindhupalchok,Na.Pa.,Melamchi,2490.83730973,27.90696,85.7556089,262624,129205
3,Bagmati,sindhupalchok,Na.Pa.,Barhabise,2490.83730973,27.90696,85.7556089,262624,129205
3,Bagmati,sindhupalchok,Ga.Pa.,Indrawati,2490.83730973,27.90696,85.7556089,262624,129205
3,Bagmati,sindhupalchok,Ga.Pa.,PanchpokhariThangpal,2490.83730973,27.90696,85.7556089,262624,129205
3,Bagmati,sindhupalchok,Ga.Pa.,Jugal,2490.83730973,27.90696,85.7556089,262624,129205
3,Bagmati,sindhupalchok,Ga.Pa.,Balephi,2490.83730973,27.90696,85.7556089,262624,129205
3,Bagmati,sindhupalchok,Ga.Pa.,Helambu,2490.83730973,27.90696,85.7556089,262624,129205
3,Bagmati,sindhupalchok,Ga.Pa.,Bhotekoshi,2490.83730973,27.90696,85.7556089,262624,129205
3,Bagmati,sindhupalchok,Ga.Pa.,Sunkoshi,2490.83730973,27.90696,85.7556089,262624,129205
3,Bagmati,sindhupalchok,Ga.Pa.,LisankhuPakhar,2490.83730973,27.90696,85.7556089,262624,129205
3,Bagmati,sindhupalchok,Ga.Pa.,Tripurasundari,2490.83730973,27.90696,85.7556089,262624,129205
3,Bagmati,kavrepalanchok,Na.Pa.,Banepa,1393.82909514,27.54517876,85.62384007,364039,178909
3,Bagmati,kavrepalanchok,Na.Pa.,Paunauti,1393.82909514,27.54517876,85.62384007,364039,178909
3,Bagmati,kavrepalanchok,Na.Pa.,Panchkhal,1393.82909514,27.54517876,85.62384007,364039,178909
3,Bagmati,kavrepalanchok,Na.Pa.,Mandandeupur,1393.82909514,27.54517876,85.62384007,364039,178909
3,Bagmati,kavrepalanchok,Na.Pa.,Dhulikhel,1393.82909514,27.54517876,85.62384007,364039,178909
3,Bagmati,kavrepalanchok,Na.Pa.,Namobuddha,1393.82909514,27.54517876,85.62384007,364039,178909
3,Bagmati,kavrepalanchok,Ga.Pa.,Roshi,1393.82909514,27.54517876,85.62384007,364039,178909
3,Bagmati,kavrepalanchok,Ga.Pa.,Temal,1393.82909514,27.54517876,85.62384007,364039,178909
3,Bagmati,kavrepalanchok,Ga.Pa.,ChaunriDeurali,1393.82909514,27.54517876,85.62384007,364039,178909
3,Bagmati,kavrepalanchok,Ga.Pa.,Bhumlu,1393.82909514,27.54517876,85.62384007,364039,178909
3,Bagmati,kavrepalanchok,Ga.Pa.,Mahabharat,1393.82909514,27.54517876,85.62384007,364039,178909
3,Bagmati,kavrepalanchok,Ga.Pa.,Bethanchok,1393.82909514,27.54517876,85.62384007,364039,178909
3,Bagmati,kavrepalanchok,Ga.Pa.,Khanikhola,1393.82909514,27.54517876,85.62384007,364039,178909
3,Bagmati,lalitpur,Ma.Na.Pa.,Lalitpur,396.74388208,27.54820448,85.32301163,551667,277131
3,Bagmati,lalitpur,Na.Pa.,Mahalaxmi,396.74388208,27.54820448,85.32301163,551667,277131
3,Bagmati,lalitpur,Na.Pa.,Godawari,396.74388208,27.54820448,85.32301163,551667,277131
3,Bagmati,lalitpur,Ga.Pa.,Bagmati,396.74388208,27.54820448,85.32301163,551667,277131
3,Bagmati,lalitpur,Ga.Pa.,Konjyosom,396.74388208,27.54820448,85.32301163,551667,277131
3,Bagmati,lalitpur,Ga.Pa.,Mahankal,396.74388208,27.54820448,85.32301163,551667,277131
3,Bagmati,bhaktapur,Na.Pa.,Suryabinayak,123.07150536,27.67421236,85.42637953,432132,218418
3,Bagmati,bhaktapur,Na.Pa.,MadhyapurThimi,123.07150536,27.67421236,85.42637953,432132,218418
3,Bagmati,bhaktapur,Na.Pa.,Bhaktapur,123.07150536,27.67421236,85.42637953,432132,218418
3,Bagmati,bhaktapur,Na.Pa.,Changunarayan,123.07150536,27.67421236,85.42637953,432132,218418
3,Bagmati,kathmandu,Ma.Na.Pa.,Kathmandu,413.51345306,27.69395091,85.28485018,2041587,1035726
3,Bagmati,kathmandu,Na.Pa.,Budhanilkantha,413.51345306,27.69395091,85.28485018,2041587,1035726
3,Bagmati,kathmandu,Na.Pa.,Tarakeshwar,413.51345306,27.69395091,85.28485018,2041587,1035726
3,Bagmati,kathmandu,Na.Pa.,Gokarneshwar,413.51345306,27.69395091,85.28485018,2041587,1035726
3,Bagmati,kathmandu,Na.Pa.,Chandragiri,413.51345306,27.69395091,85.28485018,2041587,1035726
3,Bagmati,kathmandu,Na.Pa.,Tokha,413.51345306,27.69395091,85.28485018,2041587,1035726
3,Bagmati,kathmandu,Na.Pa.,Kageshwari-Manohara,413.51345306,27.69395091,85.28485018,2041587,1035726
3,Bagmati,kathmandu,Na.Pa.,Nagarjun,413.51345306,27.69395091,85.28485018,2041587,1035726
3,Bagmati,kathmandu,Na.Pa.,Kirtipur,413.51345306,27.69395091,85.28485018,2041587,1035726
3,Bagmati,kathmandu,Na.Pa.,Shankharapur,413.51345306,27.69395091,85.28485018,2041587,1035726
3,Bagmati,kathmandu,Na.Pa.,Dakshinkali,413.51345306,27.69395091,85.28485018,2041587,1035726
3,Bagmati,nuwakot,Na.Pa.,Bidur,1192.97548759,27.92578852,85.24848688,263391,128998
3,Bagmati,nuwakot,Na.Pa.,Belkotgadhi,1192.97548759,27.92578852,85.24848688,263391,128998
3,Bagmati,nuwakot,Ga.Pa.,Kakani,1192.97548759,27.92578852,85.24848688,263391,128998
3,Bagmati,nuwakot,Ga.Pa.,Dupcheshwar,1192.97548759,27.92578852,85.24848688,263391,128998
3,Bagmati,nuwakot,Ga.Pa.,Shivapuri,1192.97548759,27.92578852,85.24848688,263391,128998
3,Bagmati,nuwakot,Ga.Pa.,Tadi,1192.97548759,27.92578852,85.24848688,263391,128998
3,Bagmati,nuwakot,Ga.Pa.,Likhu,1192.97548759,27.92578852,85.24848688,263391,128998
3,Bagmati,nuwakot,Ga.Pa.,Suryagadhi,1192.97548759,27.92578852,85.24848688,263391,128998
3,Bagmati,nuwakot,Ga.Pa.,Panchakanya,1192.97548759,27.92578852,85.24848688,263391,128998
3,Bagmati,nuwakot,Ga.Pa.,Tarkeshwar,1192.97548759,27.92578852,85.24848688,263391,128998
3,Bagmati,nuwakot,Ga.Pa.,Kispang,1192.97548759,27.92578852,85.24848688,263391,128998
3,Bagmati,nuwakot,Ga.Pa.,Myagang,1192.97548759,27.92578852,85.24848688,263391,128998
3,Bagmati,rasuwa,Ga.Pa.,Naukunda,1500.81681924,28.17560192,85.47905394,46689,24035
3,Bagmati,rasuwa,Ga.Pa.,Kalika,1500.81681924,28.17560192,85.47905394,46689,24035
3,Bagmati,rasuwa,Ga.Pa.,Uttargaya,1500.81681924,28.17560192,85.47905394,46689,24035
3,Bagmati,rasuwa,Ga.Pa.,Gosaikund,1500.81681924,28.17560192,85.47905394,46689,24035
3,Bagmati,rasuwa,Ga.Pa.,Aamachodingmo,1500.81681924,28.17560192,85.47905394,46689,24035
3,Bagmati,dhading,Na.Pa.,Nilkantha,1906.70686297,28.00776753,84.90648267,325710,159048
3,Bagmati,dhading,Na.Pa.,Dhunibeshi,1906.70686297,28.00776753,84.90648267,325710,159048
3,Bagmati,dhading,Ga.Pa.,Thakre,1906.70686297,28.00776753,84.90648267,325710,159048
3,Bagmati,dhading,Ga.Pa.,BenighatRorang,1906.70686297,28.00776753,84.90648267,325710,159048
3,Bagmati,dhading,Ga.Pa.,Galchhi,1906.70686297,28.00776753,84.90648267,325710,159048
3,Bagmati,dhading,Ga.Pa.,Gajuri,1906.70686297,28.00776753,84.90648267,325710,159048
3,Bagmati,dhading,Ga.Pa.,Jwalamukhi,1906.70686297,28.00776753,84.90648267,325710,159048
3,Bagmati,dhading,Ga.Pa.,Siddhalekh,1906.70686297,28.00776753,84.90648267,325710,159048
3,Bagmati,dhading,Ga.Pa.,Tripurasundari,1906.70686297,28.00776753,84.90648267,325710,159048
3,Bagmati,dhading,Ga.Pa.,Gangajamuna,1906.70686297,28.00776753,84.90648267,325710,159048
3,Bagmati,dhading,Ga.Pa.,NetrawatiDabjong,1906.70686297,28.00776753,84.90648267,325710,159048
3,Bagmati,dhading,Ga.Pa.,Khaniyabas,1906.70686297,28.00776753,84.90648267,325710,159048
3,Bagmati,dhading,Ga.Pa.,RubiValley,1906.70686297,28.00776753,84.90648267,325710,159048
3,Bagmati,makwanpur,Ga.Pa.,Bakaiya,2443.44979571,27.43698525,85.05346394,466073,233816
3,Bagmati,makwanpur,Ga.Pa.,Manahari,2443.44979571,27.43698525,85.05346394,466073,233816
3,Bagmati,makwanpur,Ga.Pa.,Bagmati,2443.44979571,27.43698525,85.05346394,466073,233816
3,Bagmati,makwanpur,Ga.Pa.,Raksirang,2443.44979571,27.43698525,85.05346394,466073,233816
3,Bagmati,makwanpur,Ga.Pa.,Makawanpurgadhi,2443.44979571,27.43698525,85.05346394,466073,233816
3,Bagmati,makwanpur,Ga.Pa.,Kailash,2443.44979571,27.43698525,85.05346394,466073,233816
3,Bagmati,makwanpur,Ga.Pa.,Bhimphedi,2443.44979571,27.43698525,85.05346394,466073,233816
3,Bagmati,makwanpur,Ga.Pa.,Indrasarowar,2443.44979571,27.43698525,85.05346394,466073,233816
3,Bagmati,chitwan,Ma.Na.Pa.,Bharatpur,2240.03253472,27.61788779,84.4530622,719859,351789
3,Bagmati,chitwan,Na.Pa.,Ratnanagar,2240.03253472,27.61788779,84.4530622,719859,351789
3,Bagmati,chitwan,Na.Pa.,Rapti,2240.03253472,27.61788779,84.4530622,719859,351789
3,Bagmati,chitwan,Na.Pa.,Khairhani,2240.03253472,27.61788779,84.4530622,719859,351789
3,Bagmati,chitwan,Na.Pa.,Kalika,2240.03253472,27.61788779,84.4530622,719859,351789
3,Bagmati,chitwan,Na.Pa.,Madi,2240.03253472,27.61788779,84.4530622,719859,351789
3,Bagmati,chitwan,Ga.Pa.,Ichchhakamana,2240.03253472,27.61788779,84.4530622,719859,351789
4,Gandaki,gorkha,Na.Pa.,Gorkha,3646.07574366,28.27357757,84.84068187,251027,118155
4,Gandaki,gorkha,Na.Pa.,Palungtar,3646.07574366,28.27357757,84.84068187,251027,118155
4,Gandaki,gorkha,Ga.Pa.,ShahidLakhan,3646.07574366,28.27357757,84.84068187,251027,118155
4,Gandaki,gorkha,Ga.Pa.,BarpakSulikot,3646.07574366,28.27357757,84.84068187,251027,118155
4,Gandaki,gorkha,Ga.Pa.,Aarughat,3646.07574366,28.27357757,84.84068187,251027,118155
4,Gandaki,gorkha,Ga.Pa.,Siranchowk,3646.07574366,28.27357757,84.84068187,251027,118155
4,Gandaki,gorkha,Ga.Pa.,Gandaki,3646.07574366,28.27357757,84.84068187,251027,118155
4,Gandaki,gorkha,Ga.Pa.,BhimsenThapa,3646.07574366,28.27357757,84.84068187,251027,118155
4,Gandaki,gorkha,Ga.Pa.,Ajirkot,3646.07574366,28.27357757,84.84068187,251027,118155
4,Gandaki,gorkha,Ga.Pa.,Dharche,3646.07574366,28.27357757,84.84068187,251027,118155
4,Gandaki,gorkha,Ga.Pa.,TsumNubri,3646.07574366,28.27357757,84.84068187,251027,118155
4,Gandaki,lamjung,Na.Pa.,Besisahar,1662.66991816,28.28280571,84.42011019,155852,74077
4,Gandaki,lamjung,Na.Pa.,Sundarbazar,1662.66991816,28.28280571,84.42011019,155852,74077
4,Gandaki,lamjung,Na.Pa.,MadhyaNepal,1662.66991816,28.28280571,84.42011019,155852,74077
4,Gandaki,lamjung,Na.Pa.,Rainas,1662.66991816,28.28280571,84.42011019,155852,74077
4,Gandaki,lamjung,Ga.Pa.,Marsyangdi,1662.66991816,28.28280571,84.42011019,155852,74077
4,Gandaki,lamjung,Ga.Pa.,Dordi,1662.66991816,28.28280571,84.42011019,155852,74077
4,Gandaki,lamjung,Ga.Pa.,Dudhpokhari,1662.66991816,28.28280571,84.42011019,155852,74077
4,Gandaki,lamjung,Ga.Pa.,Kwaholasothar,1662.66991816,28.28280571,84.42011019,155852,74077
4,Gandaki,tanahun,Na.Pa.,Vyas,1572.14449339,27.93540708,84.22312639,321153,150094
4,Gandaki,tanahun,Na.Pa.,Shuklagandaki,1572.14449339,27.93540708,84.22312639,321153,150094
4,Gandaki,tanahun,Na.Pa.,Bhanu,1572.14449339,27.93540708,84.22312639,321153,150094
4,Gandaki,tanahun,Na.Pa.,Bhimad,1572.14449339,27.93540708,84.22312639,321153,150094
4,Gandaki,tanahun,Ga.Pa.,Rishing,1572.14449339,27.93540708,84.22312639,321153,150094
4,Gandaki,tanahun,Ga.Pa.,Myagde,1572.14449339,27.93540708,84.22312639,321153,150094
4,Gandaki,tanahun,Ga.Pa.,AanbuKhaireni,1572.14449339,27.93540708,84.22312639,321153,150094
4,Gandaki,tanahun,Ga.Pa.,Bandipur,1572.14449339,27.93540708,84.22312639,321153,150094
4,Gandaki,tanahun,Ga.Pa.,Ghiring,1572.14449339,27.93540708,84.22312639,321153,150094
4,Gandaki,tanahun,Ga.Pa.,Devghat,1572.14449339,27.93540708,84.22312639,321153,150094
4,Gandaki,syangja,Na.Pa.,Waling,1037.68556039,28.04488065,83.82705895,253024,116678
4,Gandaki,syangja,Na.Pa.,Putalibazar,1037.68556039,28.04488065,83.82705895,253024,116678
4,Gandaki,syangja,Na.Pa.,Galyang,1037.68556039,28.04488065,83.82705895,253024,116678
4,Gandaki,syangja,Na.Pa.,Chapakot,1037.68556039,28.04488065,83.82705895,253024,116678
4,Gandaki,syangja,Na.Pa.,Bhirkot,1037.68556039,28.04488065,83.82705895,253024,116678
4,Gandaki,syangja,Ga.Pa.,Kaligandaki,1037.68556039,28.04488065,83.82705895,253024,116678
4,Gandaki,syangja,Ga.Pa.,Biruwa,1037.68556039,28.04488065,83.82705895,253024,116678
4,Gandaki,syangja,Ga.Pa.,Harinas,1037.68556039,28.04488065,83.82705895,253024,116678
4,Gandaki,syangja,Ga.Pa.,Aandhikhola,1037.68556039,28.04488065,83.82705895,253024,116678
4,Gandaki,syangja,Ga.Pa.,ArjunChaupari,1037.68556039,28.04488065,83.82705895,253024,116678
4,Gandaki,syangja,Ga.Pa.,Phedikhola,1037.68556039,28.04488065,83.82705895,253024,116678
4,Gandaki,kaski,Ma.Na.Pa.,Pokhara,2084.81079438,28.34548387,83.97090334,600051,292791
4,Gandaki,kaski,Ga.Pa.,Annapurna,2084.81079438,28.34548387,83.97090334,600051,292791
4,Gandaki,kaski,Ga.Pa.,Machhapuchhre,2084.81079438,28.34548387,83.97090334,600051,292791
4,Gandaki,kaski,Ga.Pa.,Madi,2084.81079438,28.34548387,83.97090334,600051,292791
4,Gandaki,kaski,Ga.Pa.,Rupa,2084.81079438,28.34548387,83.97090334,600051,292791
4,Gandaki,manang,Ga.Pa.,ManangDisyang,2321.05334089,28.67269978,84.16893719,5658,3192
4,Gandaki,manang,Ga.Pa.,Nason,2321.05334089,28.67269978,84.16893719,5658,3192
4,Gandaki,manang,Ga.Pa.,Chame,2321.05334089,28.67269978,84.16893719,5658,3192
4,Gandaki,manang,Ga.Pa.,NarpaBhumi,2321.05334089,28.67269978,84.16893719,5658,3192
4,Gandaki,mustang,Ga.Pa.,Gharapjhong,3564.13326615,28.94799808,83.90058279,14452,7934
4,Gandaki,mustang,Ga.Pa.,Thasang,3564.13326615,28.94799808,83.90058279,14452,7934
4,Gandaki,mustang,Ga.Pa.,BaragungMuktichhetra,3564.13326615,28.94799808,83.90058279,14452,7934
4,Gandaki,mustang,Ga.Pa.,Lomanthang,3564.13326615,28.94799808,83.90058279,14452,7934
4,Gandaki,mustang,Ga.Pa.,Lo-GhekarDamodarkunda,3564.13326615,28.94799808,83.90058279,14452,7934
4,Gandaki,myagdi,Na.Pa.,Beni,2285.10052659,28.54595692,83.46324761,107033,52153
4,Gandaki,myagdi,Ga.Pa.,Malika,2285.10052659,28.54595692,83.46324761,107033,52153
4,Gandaki,myagdi,Ga.Pa.,Mangala,2285.10052659,28.54595692,83.46324761,107033,52153
4,Gandaki,myagdi,Ga.Pa.,Raghuganga,2285.10052659,28.54595692,83.46324761,107033,52153
4,Gandaki,myagdi,Ga.Pa.,Dhaulagiri,2285.10052659,28.54595692,83.46324761,107033,52153
4,Gandaki,myagdi,Ga.Pa.,Annapurna,2285.10052659,28.54595692,83.46324761,107033,52153
4,Gandaki,nawalpur,Na.Pa.,Kawasoti,1426.11811196,27.65375301,84.03070396,378079,177887
4,Gandaki,nawalpur,Na.Pa.,Gaindakot,1426.11811196,27.65375301,84.03070396,378079,177887
4,Gandaki,nawalpur,Na.Pa.,Madhyabindu,1426.11811196,27.65375301,84.03070396,378079,177887
4,Gandaki,nawalpur,Na.Pa.,Devchuli,1426.11811196,27.65375301,84.03070396,378079,177887
4,Gandaki,nawalpur,Ga.Pa.,Hupsekot,1426.11811196,27.65375301,84.03070396,378079,177887
4,Gandaki,nawalpur,Ga.Pa.,BinayiTriveni,1426.11811196,27.65375301,84.03070396,378079,177887
4,Gandaki,nawalpur,Ga.Pa.,Bulingtar,1426.11811196,27.65375301,84.03070396,378079,177887
4,Gandaki,nawalpur,Ga.Pa.,Baudikali,1426.11811196,27.65375301,84.03070396,378079,177887
4,Gandaki,parbat,Na.Pa.,Kushma,541.65594257,28.20255796,83.72848724,130887,61678
4,Gandaki,parbat,Na.Pa.,Phalewas,541.65594257,28.20255796,83.72848724,130887,61678
4,Gandaki,parbat,Ga.Pa.,Jaljala,541.65594257,28.20255796,83.72848724,130887,61678
4,Gandaki,parbat,Ga.Pa.,Modi,541.65594257,28.20255796,83.72848724,130887,61678
4,Gandaki,parbat,Ga.Pa.,Paiyun,541.65594257,28.20255796,83.72848724,130887,61678
4,Gandaki,parbat,Ga.Pa.,Bihadi,541.65594257,28.20255796,83.72848724,130887,61678
4,Gandaki,parbat,Ga.Pa.,Mahashila,541.65594257,28.20255796,83.72848724,130887,61678
4,Gandaki,baglung,Na.Pa.,Baglung,1835.86937735,28.35629495,83.14255482,249211,116194
4,Gandaki,baglung,Na.Pa.,Galkot,1835.86937735,28.35629495,83.14255482,249211,116194
4,Gandaki,baglung,Na.Pa.,Jaimini,1835.86937735,28.35629495,83.14255482,249211,116194
4,Gandaki,baglung,Na.Pa.,Dhorpatan,1835.86937735,28.35629495,83.14255482,249211,116194
4,Gandaki,baglung,Ga.Pa.,Badigad,1835.86937735,28.35629495,83.14255482,249211,116194
4,Gandaki,baglung,Ga.Pa.,Kathekhola,1835.86937735,28.35629495,83.14255482,249211,116194
4,Gandaki,baglung,Ga.Pa.,Nisikhola,1835.86937735,28.35629495,83.14255482,249211,116194
4,Gandaki,baglung,Ga.Pa.,Bareng,1835.86937735,28.35629495,83.14255482,249211,116194
4,Gandaki,baglung,Ga.Pa.,Tarakhola,1835.86937735,28.35629495,83.14255482,249211,116194
4,Gandaki,baglung,Ga.Pa.,Tamankhola,1835.86937735,28.35629495,83.14255482,249211,116194
5,Lumbini,gulmi,Na.Pa.,Musikot,1107.86200109,28.09573731,83.32919836,246494,112025
5,Lumbini,gulmi,Na.Pa.,Resunga,1107.86200109,28.09573731,83.32919836,246494,112025
5,Lumbini,gulmi,Ga.Pa.,Satyawati,1107.86200109,28.09573731,83.32919836,246494,112025
5,Lumbini,gulmi,Ga.Pa.,Dhurkot,1107.86200109,28.09573731,83.32919836,246494,112025
5,Lumbini,gulmi,Ga.Pa.,GulmiDarbar,1107.86200109,28.09573731,83.32919836,246494,112025
5,Lumbini,gulmi,Ga.Pa.,Madane,1107.86200109,28.09573731,83.32919836,246494,112025
5,Lumbini,gulmi,Ga.Pa.,Chandrakot,1107.86200109,28.09573731,83.32919836,246494,112025
5,Lumbini,gulmi,Ga.Pa.,Malika,1107.86200109,28.09573731,83.32919836,246494,112025
5,Lumbini,gulmi,Ga.Pa.,Chhatrakot,1107.86200109,28.09573731,83.32919836,246494,112025
5,Lumbini,gulmi,Ga.Pa.,Isma,1107.86200109,28.09573731,83.32919836,246494,112025
5,Lumbini,gulmi,Ga.Pa.,Kaligandaki,1107.86200109,28.09573731,83.32919836,246494,112025
5,Lumbini,gulmi,Ga.Pa.,Ruru,1107.86200109,28.09573731,83.32919836,246494,112025
5,Lumbini,palpa,Na.Pa.,Tansen,1462.14342345,27.8104921,83.63039532,245027,112761
5,Lumbini,palpa,Na.Pa.,Rampur,1462.14342345,27.8104921,83.63039532,245027,112761
5,Lumbini,palpa,Ga.Pa.,RainadeviChhahara,1462.14342345,27.8104921,83.63039532,245027,112761
5,Lumbini,palpa,Ga.Pa.,Mathagadhi,1462.14342345,27.8104921,83.63039532,245027,112761
5,Lumbini,palpa,Ga.Pa.,Nisdi,1462.14342345,27.8104921,83.63039532,245027,112761
5,Lumbini,palpa,Ga.Pa.,Bagnaskali,1462.14342345,27.8104921,83.63039532,245027,112761
5,Lumbini,palpa,Ga.Pa.,Rambha,1462.14342345,27.8104921,83.63039532,245027,112761
5,Lumbini,palpa,Ga.Pa.,Purbakhola,1462.14342345,27.8104921,83.63039532,245027,112761
5,Lumbini,palpa,Ga.Pa.,Tinau,1462.14342345,27.8104921,83.63039532,245027,112761
5,Lumbini,palpa,Ga.Pa.,Ribdikot,1462.14342345,27.8104921,83.63039532,245027,112761
5,Lumbini,parasi,Na.Pa.,Ramgram,726.25178648,27.51989249,83.73679712,386868,188182
5,Lumbini,parasi,Na.Pa.,Sunwal,726.25178648,27.51989249,83.73679712,386868,188182
5,Lumbini,parasi,Na.Pa.,Bardghat,726.25178648,27.51989249,83.73679712,386868,188182
5,Lumbini,parasi,Ga.Pa.,Susta,726.25178648,27.51989249,83.73679712,386868,188182
5,Lumbini,parasi,Ga.Pa.,Pratappur,726.25178648,27.51989249,83.73679712,386868,188182
5,Lumbini,parasi,Ga.Pa.,Sarawal,726.25178648,27.51989249,83.73679712,386868,188182
5,Lumbini,parasi,Ga.Pa.,Palhinandan,726.25178648,27.51989249,83.73679712,386868,188182
5,Lumbini,rupandehi,Upa.Ma.,Butwal,1304.6323645,27.54914663,83.40323071,1121957,550478
5,Lumbini,rupandehi,Na.Pa.,Tilottama,1304.6323645,27.54914663,83.40323071,1121957,550478
5,Lumbini,rupandehi,Na.Pa.,LumbiniSanskritik,1304.6323645,27.54914663,83.40323071,1121957,550478
5,Lumbini,rupandehi,Na.Pa.,Siddharthanagar,1304.6323645,27.54914663,83.40323071,1121957,550478
5,Lumbini,rupandehi,Na.Pa.,Sainamaina,1304.6323645,27.54914663,83.40323071,1121957,550478
5,Lumbini,rupandehi,Na.Pa.,Devdaha,1304.6323645,27.54914663,83.40323071,1121957,550478
5,Lumbini,rupandehi,Ga.Pa.,Gaidhawa,1304.6323645,27.54914663,83.40323071,1121957,550478
5,Lumbini,rupandehi,Ga.Pa.,Mayadevi,1304.6323645,27.54914663,83.40323071,1121957,550478
5,Lumbini,rupandehi,Ga.Pa.,Kotahimai,1304.6323645,27.54914663,83.40323071,1121957,550478
5,Lumbini,rupandehi,Ga.Pa.,Marchawarimai,1304.6323645,27.54914663,83.40323071,1121957,550478
5,Lumbini,rupandehi,Ga.Pa.,Siyari,1304.6323645,27.54914663,83.40323071,1121957,550478
5,Lumbini,rupandehi,Ga.Pa.,Sammarimai,1304.6323645,27.54914663,83.40323071,1121957,550478
5,Lumbini,rupandehi,Ga.Pa.,Rohini,1304.6323645,27.54914663,83.40323071,1121957,550478
5,Lumbini,rupandehi,Ga.Pa.,Shuddhodhan,1304.6323645,27.54914663,83.40323071,1121957,550478
5,Lumbini,rupandehi,Ga.Pa.,Omsatiya,1304.6323645,27.54914663,83.40323071,1121957,550478
5,Lumbini,rupandehi,Ga.Pa.,Kanchan,1304.6323645,27.54914663,83.40323071,1121957,550478
5,Lumbini,kapilvastu,Na.Pa.,Kapilvastu,1651.09640982,27.61908696,82.98162175,682961,334687
5,Lumbini,kapilvastu,Na.Pa.,Banganga,1651.09640982,27.61908696,82.98162175,682961,334687
5,Lumbini,kapilvastu,Na.Pa.,Shivaraj,1651.09640982,27.61908696,82.98162175,682961,334687
5,Lumbini,kapilvastu,Na.Pa.,Buddhabhumi,1651.09640982,27.61908696,82.98162175,682961,334687
5,Lumbini,kapilvastu,Na.Pa.,Krishnanagar,1651.09640982,27.61908696,82.98162175,682961,334687
5,Lumbini,kapilvastu,Na.Pa.,Maharajganj,1651.09640982,27.61908696,82.98162175,682961,334687
5,Lumbini,kapilvastu,Ga.Pa.,Mayadevi,1651.09640982,27.61908696,82.98162175,682961,334687
5,Lumbini,kapilvastu,Ga.Pa.,Suddhodhan,1651.09640982,27.61908696,82.98162175,682961,334687
5,Lumbini,kapilvastu,Ga.Pa.,Yasodhara,1651.09640982,27.61908696,82.98162175,682961,334687
5,Lumbini,kapilvastu,Ga.Pa.,Bijaynagar,1651.09640982,27.61908696,82.98162175,682961,334687
5,Lumbini,arghakhanchi,Na.Pa.,Sitganga,1239.08214273,27.93204608,83.14572054,177086,80672
5,Lumbini,arghakhanchi,Na.Pa.,Sandhikharka,1239.08214273,27.93204608,83.14572054,177086,80672
5,Lumbini,arghakhanchi,Na.Pa.,Bhumikasthan,1239.08214273,27.93204608,83.14572054,177086,80672
5,Lumbini,arghakhanchi,Ga.Pa.,Malarani,1239.08214273,27.93204608,83.14572054,177086,80672
5,Lumbini,arghakhanchi,Ga.Pa.,Panini,1239.08214273,27.93204608,83.14572054,177086,80672
5,Lumbini,arghakhanchi,Ga.Pa.,Chhatradev,1239.08214273,27.93204608,83.14572054,177086,80672
5,Lumbini,pyuthan,Na.Pa.,Pyuthan,1320.77347844,28.1201009,82.82993019,232019,104132
5,Lumbini,pyuthan,Na.Pa.,Swargadwari,1320.77347844,28.1201009,82.82993019,232019,104132
5,Lumbini,pyuthan,Ga.Pa.,Naubahini,1320.77347844,28.1201009,82.82993019,232019,104132
5,Lumbini,pyuthan,Ga.Pa.,Jhimruk,1320.77347844,28.1201009,82.82993019,232019,104132
5,Lumbini,pyuthan,Ga.Pa.,Gaumukhi,1320.77347844,28.1201009,82.82993019,232019,104132
5,Lumbini,pyuthan,Ga.Pa.,Airawati,1320.77347844,28.1201009,82.82993019,232019,104132
5,Lumbini,pyuthan,Ga.Pa.,Sarumarani,1320.77347844,28.1201009,82.82993019,232019,104132
5,Lumbini,pyuthan,Ga.Pa.,Mallarani,1320.77347844,28.1201009,82.82993019,232019,104132
5,Lumbini,pyuthan,Ga.Pa.,Mandavi,1320.77347844,28.1201009,82.82993019,232019,104132
5,Lumbini,rolpa,Na.Pa.,Rolpa,1885.00965996,28.32533807,82.64430298,234793,109871
5,Lumbini,rolpa,Ga.Pa.,Sunilsmriti,1885.00965996,28.32533807,82.64430298,234793,109871
5,Lumbini,rolpa,Ga.Pa.,Runtigadhi,1885.00965996,28.32533807,82.64430298,234793,109871
5,Lumbini,rolpa,Ga.Pa.,Lungri,1885.00965996,28.32533807,82.64430298,234793,109871
5,Lumbini,rolpa,Ga.Pa.,Triveni,1885.00965996,28.32533807,82.64430298,234793,109871
5,Lumbini,rolpa,Ga.Pa.,Paribartan,1885.00965996,28.32533807,82.64430298,234793,109871
5,Lumbini,rolpa,Ga.Pa.,Gangadev,1885.00965996,28.32533807,82.64430298,234793,109871
5,Lumbini,rolpa,Ga.Pa.,Madi,1885.00965996,28.32533807,82.64430298,234793,109871
5,Lumbini,rolpa,Ga.Pa.,Sunchhahari,1885.00965996,28.32533807,82.64430298,234793,109871
5,Lumbini,rolpa,Ga.Pa.,Thabang,1885.00965996,28.32533807,82.64430298,234793,109871
5,Lumbini,banke,Upa.Ma.,Nepalgunj,1880.54113257,28.09571577,81.77312448,603194,296745
5,Lumbini,banke,Na.Pa.,Kohalpur,1880.54113257,28.09571577,81.77312448,603194,296745
5,Lumbini,banke,Ga.Pa.,Raptisonari,1880.54113257,28.09571577,81.77312448,603194,296745
5,Lumbini,banke,Ga.Pa.,Baijanath,1880.54113257,28.09571577,81.77312448,603194,296745
5,Lumbini,banke,Ga.Pa.,Khajura,1880.54113257,28.09571577,81.77312448,603194,296745
5,Lumbini,banke,Ga.Pa.,Janaki,1880.54113257,28.09571577,81.77312448,603194,296745
5,Lumbini,banke,Ga.Pa.,Duduwa,1880.54113257,28.09571577,81.77312448,603194,296745
5,Lumbini,banke,Ga.Pa.,Narainapur,1880.54113257,28.09571577,81.77312448,603194,296745
5,Lumbini,bardiya,Na.Pa.,Barbardiya,2000.73793597,28.37173984,81.45015843,459900,216766
5,Lumbini,bardiya,Na.Pa.,Gulariya,2000.73793597,28.37173984,81.45015843,459900,216766
5,Lumbini,bardiya,Na.Pa.,Rajapur,2000.73793597,28.37173984,81.45015843,459900,216766
5,Lumbini,bardiya,Na.Pa.,Bansgadhi,2000.73793597,28.37173984,81.45015843,459900,216766
5,Lumbini,bardiya,Na.Pa.,Madhuwan,2000.73793597,28.37173984,81.45015843,459900,216766
5,Lumbini,bardiya,Na.Pa.,Thakurbaba,2000.73793597,28.37173984,81.45015843,459900,216766
5,Lumbini,bardiya,Ga.Pa.,Badhaiyatal,2000.73793597,28.37173984,81.45015843,459900,216766
5,Lumbini,bardiya,Ga.Pa.,Geruwa,2000.73793597,28.37173984,81.45015843,459900,216766
5,Lumbini,dang,Upa.Ma.,Ghorahi,3058.53850742,27.9796492,82.46856179,674993,320573
5,Lumbini,dang,Upa.Ma.,Tulsipur,3058.53850742,27.9796492,82.46856179,674993,320573
5,Lumbini,dang,Na.Pa.,Lamahi,3058.53850742,27.9796492,82.46856179,674993,320573
5,Lumbini,dang,Ga.Pa.,Rapti,3058.53850742,27.9796492,82.46856179,674993,320573
5,Lumbini,dang,Ga.Pa.,Gadhawa,3058.53850742,27.9796492,82.46856179,674993,320573
5,Lumbini,dang,Ga.Pa.,Babai,3058.53850742,27.9796492,82.46856179,674993,320573
5,Lumbini,dang,Ga.Pa.,Shantinagar,3058.53850742,27.9796492,82.46856179,674993,320573
5,Lumbini,dang,Ga.Pa.,Rajpur,3058.53850742,27.9796492,82.46856179,674993,320573
5,Lumbini,dang,Ga.Pa.,Banglachuli,3058.53850742,27.9796492,82.46856179,674993,320573
5,Lumbini,dang,Ga.Pa.,Dangisharan,3058.53850742,27.9796492,82.46856179,674993,320573
6,Karnali,salyan,Na.Pa.,BangadKupinde,1879.96157723,28.40682322,82.16757784,238515,114982
6,Karnali,salyan,Na.Pa.,Bagchaur,1879.96157723,28.40682322,82.16757784,238515,114982
6,Karnali,salyan,Na.Pa.,Shaarda,1879.96157723,28.40682322,82.16757784,238515,114982
6,Karnali,salyan,Ga.Pa.,Kumakh,1879.96157723,28.40682322,82.16757784,238515,114982
6,Karnali,salyan,Ga.Pa.,Kalimati,1879.96157723,28.40682322,82.16757784,238515,114982
6,Karnali,salyan,Ga.Pa.,Chhatreshwari,1879.96157723,28.40682322,82.16757784,238515,114982
6,Karnali,salyan,Ga.Pa.,Darma,1879.96157723,28.40682322,82.16757784,238515,114982
6,Karnali,salyan,Ga.Pa.,Kapurkot,1879.96157723,28.40682322,82.16757784,238515,114982
6,Karnali,salyan,Ga.Pa.,Tribeni,1879.96157723,28.40682322,82.16757784,238515,114982
6,Karnali,salyan,Ga.Pa.,SiddhaKumakh,1879.96157723,28.40682322,82.16757784,238515,114982
6,Karnali,surkhet,Na.Pa.,Birendranagar,2485.60536694,28.65790891,81.51382806,415126,199740
6,Karnali,surkhet,Na.Pa.,Gurbhakot,2485.60536694,28.65790891,81.51382806,415126,199740
6,Karnali,surkhet,Na.Pa.,Bheriganga,2485.60536694,28.65790891,81.51382806,415126,199740
6,Karnali,surkhet,Na.Pa.,Panchapuri,2485.60536694,28.65790891,81.51382806,415126,199740
6,Karnali,surkhet,Na.Pa.,Lekbeshi,2485.60536694,28.65790891,81.51382806,415126,199740
6,Karnali,surkhet,Ga.Pa.,Barahatal,2485.60536694,28.65790891,81.51382806,415126,199740
6,Karnali,surkhet,Ga.Pa.,Simta,2485.60536694,28.65790891,81.51382806,415126,199740
6,Karnali,surkhet,Ga.Pa.,Chaukune,2485.60536694,28.65790891,81.51382806,415126,199740
6,Karnali,surkhet,Ga.Pa.,Chingad,2485.60536694,28.65790891,81.51382806,415126,199740
6,Karnali,dailekh,Na.Pa.,Dullu,1483.99936271,28.88457061,81.69989545,252313,120774
6,Karnali,dailekh,Na.Pa.,Aathabis,1483.99936271,28.88457061,81.69989545,252313,120774
6,Karnali,dailekh,Na.Pa.,Narayan,1483.99936271,28.88457061,81.69989545,252313,120774
6,Karnali,dailekh,Na.Pa.,ChamundaBindrasaini,1483.99936271,28.88457061,81.69989545,252313,120774
6,Karnali,dailekh,Ga.Pa.,Gurans,1483.99936271,28.88457061,81.69989545,252313,120774
6,Karnali,dailekh,Ga.Pa.,Bhairabi,1483.99936271,28.88457061,81.69989545,252313,120774
6,Karnali,dailekh,Ga.Pa.,Naumule,1483.99936271,28.88457061,81.69989545,252313,120774
6,Karnali,dailekh,Ga.Pa.,Mahabu,1483.99936271,28.88457061,81.69989545,252313,120774
6,Karnali,dailekh,Ga.Pa.,Thantikandh,1483.99936271,28.88457061,81.69989545,252313,120774
6,Karnali,dailekh,Ga.Pa.,Bhagawatimai,1483.99936271,28.88457061,81.69989545,252313,120774
6,Karnali,dailekh,Ga.Pa.,Dungeshwar,1483.99936271,28.88457061,81.69989545,252313,120774
6,Karnali,jajarkot,Na.Pa.,Chhedagad,2222.06385926,28.86935787,82.16819145,189360,94063
6,Karnali,jajarkot,Na.Pa.,Bheri,2222.06385926,28.86935787,82.16819145,189360,94063
6,Karnali,jajarkot,Na.Pa.,Nalgad,2222.06385926,28.86935787,82.16819145,189360,94063
6,Karnali,jajarkot,Ga.Pa.,Junichande,2222.06385926,28.86935787,82.16819145,189360,94063
6,Karnali,jajarkot,Ga.Pa.,Kushe,2222.06385926,28.86935787,82.16819145,189360,94063
6,Karnali,jajarkot,Ga.Pa.,Barekot,2222.06385926,28.86935787,82.16819145,189360,94063
6,Karnali,jajarkot,Ga.Pa.,Shivalaya,2222.06385926,28.86935787,82.16819145,189360,94063
6,Karnali,dolpa,Na.Pa.,TripuraSundari,7944.65893556,29.21412855,83.03671178,42774,21371
6,Karnali,dolpa,Na.Pa.,ThuliBheri,7944.65893556,29.21412855,83.03671178,42774,21371
6,Karnali,dolpa,Ga.Pa.,Mudkechula,7944.65893556,29.21412855,83.03671178,42774,21371
6,Karnali,dolpa,Ga.Pa.,Kaike,7944.65893556,29.21412855,83.03671178,42774,21371
6,Karnali,dolpa,Ga.Pa.,ShePhoksundo,7944.65893556,29.21412855,83.03671178,42774,21371
6,Karnali,dolpa,Ga.Pa.,Jagadulla,7944.65893556,29.21412855,83.03671178,42774,21371
6,Karnali,dolpa,Ga.Pa.,DolpoBuddha,7944.65893556,29.21412855,83.03671178,42774,21371
6,Karnali,dolpa,Ga.Pa.,ChharkaTangsong,7944.65893556,29.21412855,83.03671178,42774,21371
6,Karnali,jumla,Na.Pa.,Chandannath,2553.79322616,29.23862085,82.19859551,118349,59228
6,Karnali,jumla,Ga.Pa.,Tatopani,2553.79322616,29.23862085,82.19859551,118349,59228
6,Karnali,jumla,Ga.Pa.,Patarasi,2553.79322616,29.23862085,82.19859551,118349,59228
6,Karnali,jumla,Ga.Pa.,Tila,2553.79322616,29.23862085,82.19859551,118349,59228
6,Karnali,jumla,Ga.Pa.,Kankasundari,2553.79322616,29.23862085,82.19859551,118349,59228
6,Karnali,jumla,Ga.Pa.,Sinja,2553.79322616,29.23862085,82.19859551,118349,59228
6,Karnali,jumla,Ga.Pa.,Hima,2553.79322616,29.23862085,82.19859551,118349,59228
6,Karnali,jumla,Ga.Pa.,Guthichaur,2553.79322616,29.23862085,82.19859551,118349,59228
6,Karnali,kalikot,Na.Pa.,Khandachakra,1639.71354015,29.21622534,81.68885584,145292,72245
6,Karnali,kalikot,Na.Pa.,Raskot,1639.71354015,29.21622534,81.68885584,145292,72245
6,Karnali,kalikot,Na.Pa.,Tilagupha,1639.71354015,29.21622534,81.68885584,145292,72245
6,Karnali,kalikot,Ga.Pa.,Narharinath,1639.71354015,29.21622534,81.68885584,145292,72245
6,Karnali,kalikot,Ga.Pa.,Palata,1639.71354015,29.21622534,81.68885584,145292,72245
6,Karnali,kalikot,Ga.Pa.,ShubhaKalika,1639.71354015,29.21622534,81.68885584,145292,72245
6,Karnali,kalikot,Ga.Pa.,SanniTriveni,1639.71354015,29.21622534,81.68885584,145292,72245
6,Karnali,kalikot,Ga.Pa.,Pachaljharana,1639.71354015,29.21622534,81.68885584,145292,72245
6,Karnali,kalikot,Ga.Pa.,Mahawai,1639.71354015,29.21622534,81.68885584,145292,72245
6,Karnali,mugu,Na.Pa.,ChhayanathRara,3233.13262037,29.67830385,82.53069821,64549,32381
6,Karnali,mugu,Ga.Pa.,Khatyad,3233.13262037,29.67830385,82.53069821,64549,32381
6,Karnali,mugu,Ga.Pa.,Soru,3233.13262037,29.67830385,82.53069821,64549,32381
6,Karnali,mugu,Ga.Pa.,MugumKarmarong,3233.13262037,29.67830385,82.53069821,64549,32381
6,Karnali,humla,Ga.Pa.,Simkot,6007.32008311,30.02603853,81.83318057,55394,27886
6,Karnali,humla,Ga.Pa.,Sarkegad,6007.32008311,30.02603853,81.83318057,55394,27886
6,Karnali,humla,Ga.Pa.,Adanchuli,6007.32008311,30.02603853,81.83318057,55394,27886
6,Karnali,humla,Ga.Pa.,Kharpunath,6007.32008311,30.02603853,81.83318057,55394,27886
6,Karnali,humla,Ga.Pa.,Tanjakot,6007.32008311,30.02603853,81.83318057,55394,27886
6,Karnali,humla,Ga.Pa.,Chankheli,6007.32008311,30.02603853,81.83318057,55394,27886
6,Karnali,humla,Ga.Pa.,Namkha,6007.32008311,30.02603853,81.83318057,55394,27886
7,Sudurpashchim,bajura,Na.Pa.,Budhiganga,2297.66440848,29.61058416,81.57656749,138523,67070
7,Sudurpashchim,bajura,Na.Pa.,Budhinanda,2297.66440848,29.61058416,81.57656749,138523,67070
7,Sudurpashchim,bajura,Na.Pa.,Tribeni,2297.66440848,29.61058416,81.57656749,138523,67070
7,Sudurpashchim,bajura,Na.Pa.,Badimalika,2297.66440848,29.61058416,81.57656749,138523,67070
7,Sudurpashchim,bajura,Ga.Pa.,KhaptadChhededaha,2297.66440848,29.61058416,81.57656749,138523,67070
7,Sudurpashchim,bajura,Ga.Pa.,SwamiKartikKhapar,2297.66440848,29.61058416,81.57656749,138523,67070
7,Sudurpashchim,bajura,Ga.Pa.,Jagannath,2297.66440848,29.61058416,81.57656749,138523,67070
7,Sudurpashchim,bajura,Ga.Pa.,Himali,2297.66440848,29.61058416,81.57656749,138523,67070
7,Sudurpashchim,bajura,Ga.Pa.,Gaumul,2297.66440848,29.61058416,81.57656749,138523,67070
7,Sudurpashchim,bajhang,Na.Pa.,Bungal,3458.64162931,29.72252996,81.246038,189085,88470
7,Sudurpashchim,bajhang,Na.Pa.,JayaPrithvi,3458.64162931,29.72252996,81.246038,189085,88470
7,Sudurpashchim,bajhang,Ga.Pa.,Kedarsyu,3458.64162931,29.72252996,81.246038,189085,88470
7,Sudurpashchim,bajhang,Ga.Pa.,Thalara,3458.64162931,29.72252996,81.246038,189085,88470
7,Sudurpashchim,bajhang,Ga.Pa.,Bitthadchir,3458.64162931,29.72252996,81.246038,189085,88470
7,Sudurpashchim,bajhang,Ga.Pa.,ChhabisPathibhera,3458.64162931,29.72252996,81.246038,189085,88470
7,Sudurpashchim,bajhang,Ga.Pa.,KhaptadChhanna,3458.64162931,29.72252996,81.246038,189085,88470
7,Sudurpashchim,bajhang,Ga.Pa.,Masta,3458.64162931,29.72252996,81.246038,189085,88470
7,Sudurpashchim,bajhang,Ga.Pa.,Durgathali,3458.64162931,29.72252996,81.246038,189085,88470
7,Sudurpashchim,bajhang,Ga.Pa.,Talkot,3458.64162931,29.72252996,81.246038,189085,88470
7,Sudurpashchim,bajhang,Ga.Pa.,Surma,3458.64162931,29.72252996,81.246038,189085,88470
7,Sudurpashchim,bajhang,Ga.Pa.,Saipal,3458.64162931,29.72252996,81.246038,189085,88470
7,Sudurpashchim,achham,Na.Pa.,Sanphebagar,1700.12945757,29.06780128,81.29406579,228852,105319
7,Sudurpashchim,achham,Na.Pa.,Mangalsen,1700.12945757,29.06780128,81.29406579,228852,105319
7,Sudurpashchim,achham,Na.Pa.,PanchadewalBinayak,1700.12945757,29.06780128,81.29406579,228852,105319
7,Sudurpashchim,achham,Na.Pa.,Kamalbazar,1700.12945757,29.06780128,81.29406579,228852,105319
7,Sudurpashchim,achham,Ga.Pa.,Ramaroshan,1700.12945757,29.06780128,81.29406579,228852,105319
7,Sudurpashchim,achham,Ga.Pa.,Chaurpati,1700.12945757,29.06780128,81.29406579,228852,105319
7,Sudurpashchim,achham,Ga.Pa.,Turmakhand,1700.12945757,29.06780128,81.29406579,228852,105319
7,Sudurpashchim,achham,Ga.Pa.,Mellekh,1700.12945757,29.06780128,81.29406579,228852,105319
7,Sudurpashchim,achham,Ga.Pa.,Dhankari,1700.12945757,29.06780128,81.29406579,228852,105319
7,Sudurpashchim,achham,Ga.Pa.,BannigadiJayagad,1700.12945757,29.06780128,81.29406579,228852,105319
7,Sudurpashchim,doti,Na.Pa.,DipayalSilgadhi,2050.40364742,29.18816784,80.86231315,204831,93604
7,Sudurpashchim,doti,Na.Pa.,Shikhar,2050.40364742,29.18816784,80.86231315,204831,93604
7,Sudurpashchim,doti,Ga.Pa.,Aadarsha,2050.40364742,29.18816784,80.86231315,204831,93604
7,Sudurpashchim,doti,Ga.Pa.,Purbichauki,2050.40364742,29.18816784,80.86231315,204831,93604
7,Sudurpashchim,doti,Ga.Pa.,K.I.Singh,2050.40364742,29.18816784,80.86231315,204831,93604
7,Sudurpashchim,doti,Ga.Pa.,Jorayal,2050.40364742,29.18816784,80.86231315,204831,93604
7,Sudurpashchim,doti,Ga.Pa.,Sayal,2050.40364742,29.18816784,80.86231315,204831,93604
7,Sudurpashchim,doti,Ga.Pa.,Bogatan-Phudsil,2050.40364742,29.18816784,80.86231315,204831,93604
7,Sudurpashchim,doti,Ga.Pa.,Badikedar,2050.40364742,29.18816784,80.86231315,204831,93604
7,Sudurpashchim,kailali,Upa.Ma.,Dhangadhi,3285.49238754,28.73133178,80.90417961,904666,433456
7,Sudurpashchim,kailali,Na.Pa.,Tikapur,3285.49238754,28.73133178,80.90417961,904666,433456
7,Sudurpashchim,kailali,Na.Pa.,Godawari,3285.49238754,28.73133178,80.90417961,904666,433456
7,Sudurpashchim,kailali,Na.Pa.,LamkiChuha,3285.49238754,28.73133178,80.90417961,904666,433456
7,Sudurpashchim,kailali,Na.Pa.,Ghodaghodi,3285.49238754,28.73133178,80.90417961,904666,433456
7,Sudurpashchim,kailali,Na.Pa.,Gauriganga,3285.49238754,28.73133178,80.90417961,904666,433456
7,Sudurpashchim,kailali,Na.Pa.,Bhajani,3285.49238754,28.73133178,80.90417961,904666,433456
7,Sudurpashchim,kailali,Ga.Pa.,Janaki,3285.49238754,28.73133178,80.90417961,904666,433456
7,Sudurpashchim,kailali,Ga.Pa.,Kailari,3285.49238754,28.73133178,80.90417961,904666,433456
7,Sudurpashchim,kailali,Ga.Pa.,Joshipur,3285.49238754,28.73133178,80.90417961,904666,433456
7,Sudurpashchim,kailali,Ga.Pa.,Bardagoriya,3285.49238754,28.73133178,80.90417961,904666,433456
7,Sudurpashchim,kailali,Ga.Pa.,Mohanyal,3285.49238754,28.73133178,80.90417961,904666,433456
7,Sudurpashchim,kailali,Ga.Pa.,Chure,3285.49238754,28.73133178,80.90417961,904666,433456
7,Sudurpashchim,kanchanpur,Na.Pa.,Bhimdatta,1617.64471672,28.84467092,80.28316254,513757,240686
7,Sudurpashchim,kanchanpur,Na.Pa.,Krishnapur,1617.64471672,28.84467092,80.28316254,513757,240686
7,Sudurpashchim,kanchanpur,Na.Pa.,Punarbas,1617.64471672,28.84467092,80.28316254,513757,240686
7,Sudurpashchim,kanchanpur,Na.Pa.,Belauri,1617.64471672,28.84467092,80.28316254,513757,240686
7,Sudurpashchim,kanchanpur,Na.Pa.,Bedkot,1617.64471672,28.84467092,80.28316254,513757,240686
7,Sudurpashchim,kanchanpur,Na.Pa.,Shuklaphanta,1617.64471672,28.84467092,80.28316254,513757,240686
7,Sudurpashchim,kanchanpur,Na.Pa.,Mahakali,1617.64471672,28.84467092,80.28316254,513757,240686
7,Sudurpashchim,kanchanpur,Ga.Pa.,Laljhadi,1617.64471672,28.84467092,80.28316254,513757,240686
7,Sudurpashchim,kanchanpur,Ga.Pa.,Beldandi,1617.64471672,28.84467092,80.28316254,513757,240686
7,Sudurpashchim,dadeldhura,Na.Pa.,Parshuram,1502.08945644,29.20907463,80.50090934,139602,65893
7,Sudurpashchim,dadeldhura,Na.Pa.,Amargadhi,1502.08945644,29.20907463,80.50090934,139602,65893
7,Sudurpashchim,dadeldhura,Ga.Pa.,Navadurga,1502.08945644,29.20907463,80.50090934,139602,65893
7,Sudurpashchim,dadeldhura,Ga.Pa.,Aalitaal,1502.08945644,29.20907463,80.50090934,139602,65893
7,Sudurpashchim,dadeldhura,Ga.Pa.,Ganyapadhura,1502.08945644,29.20907463,80.50090934,139602,65893
7,Sudurpashchim,dadeldhura,Ga.Pa.,Bhageshwar,1502.08945644,29.20907463,80.50090934,139602,65893
7,Sudurpashchim,dadeldhura,Ga.Pa.,Ajaymeru,1502.08945644,29.20907463,80.50090934,139602,65893
7,Sudurpashchim,baitadi,Na.Pa.,Purchaudi,1492.54812776,29.5081087,80.55843036,242157,113864
7,Sudurpashchim,baitadi,Na.Pa.,Dasharathchand,1492.54812776,29.5081087,80.55843036,242157,113864
7,Sudurpashchim,baitadi,Na.Pa.,Patan,1492.54812776,29.5081087,80.55843036,242157,113864
7,Sudurpashchim,baitadi,Na.Pa.,Melauli,1492.54812776,29.5081087,80.55843036,242157,113864
7,Sudurpashchim,baitadi,Ga.Pa.,Dogdakedar,1492.54812776,29.5081087,80.55843036,242157,113864
7,Sudurpashchim,baitadi,Ga.Pa.,Dilashaini,1492.54812776,29.5081087,80.55843036,242157,113864
7,Sudurpashchim,baitadi,Ga.Pa.,Sigas,1492.54812776,29.5081087,80.55843036,242157,113864
7,Sudurpashchim,baitadi,Ga.Pa.,Pancheshwar,1492.54812776,29.5081087,80.55843036,242157,113864
7,Sudurpashchim,baitadi,Ga.Pa.,Surnaya,1492.54812776,29.5081087,80.55843036,242157,113864
7,Sudurpashchim,baitadi,Ga.Pa.,Shivanath,1492.54812776,29.5081087,80.55843036,242157,113864
7,Sudurpashchim,darchula,Na.Pa.,Shailyashikhar,2339.60543398,29.92581392,80.78907222,133310,64424
7,Sudurpashchim,darchula,Na.Pa.,Mahakali,2339.60543398,29.92581392,80.78907222,133310,64424
7,Sudurpashchim,darchula,Ga.Pa.,Naugad,2339.60543398,29.92581392,80.78907222,133310,64424
7,Sudurpashchim,darchula,Ga.Pa.,Malikarjun,2339.60543398,29.92581392,80.78907222,133310,64424
7,Sudurpashchim,darchula,Ga.Pa.,Marma,2339.60543398,29.92581392,80.78907222,133310,64424
7,Sudurpashchim,darchula,Ga.Pa.,Lekam,2339.60543398,29.92581392,80.78907222,133310,64424
7,Sudurpashchim,darchula,Ga.Pa.,DuhunRuralMunicipality,2339.60543398,29.92581392,80.78907222,133310,64424
7,Sudurpashchim,darchula,Ga.Pa.,Vyans(Byans),2339.60543398,29.92581392,80.78907222,133310,64424
7,Sudurpashchim,darchula,Ga.Pa.,ApiHimal,2339.60543398,29.92581392,80.78907222,133310,64424
7,Sudurpashchim,darchula,Ga.Pa.,ApiHimal,2339.60543398,29.92581392,80.78907222,10100,D.P.O.
